state,district,rank_volatility,min_rank,max_rank,avg_rank
100000,100000,630.3333333333334,2.0,976.0,337.5
Andaman & Nicobar Islands,Andamans,138.5,60.0,810.0,351.6666666666667
Andaman & Nicobar Islands,Nicobars,24.0,982.0,1006.0,994.0
Andaman & Nicobar Islands,South Andaman,269.3333333333333,93.0,699.0,322.0
Andaman and Nicobar Islands,Nicobar,188.875,144.0,661.0,390.0
Andaman and Nicobar Islands,North And Middle Andaman,104.375,69.0,426.0,265.0
Andaman and Nicobar Islands,South Andaman,106.125,95.0,676.0,334.55555555555554
Andhra Pradesh,Adilabad,215.5,50.0,642.0,358.6666666666667
Andhra Pradesh,Alluri Sitharama Raju,120.25,378.0,802.0,560.1111111111111
Andhra Pradesh,Anakapalli,282.375,60.0,845.0,451.0
Andhra Pradesh,Anantapur,223.375,143.0,857.0,474.44444444444446
Andhra Pradesh,Ananthapur,286.0,100.0,973.0,590.7777777777778
Andhra Pradesh,Ananthapuramu,371.625,207.0,891.0,503.55555555555554
Andhra Pradesh,Annamayya,268.375,197.0,764.0,441.8888888888889
Andhra Pradesh,Bapatla,189.0,178.0,668.0,444.77777777777777
Andhra Pradesh,Chittoor,235.0,157.0,852.0,487.44444444444446
Andhra Pradesh,Cuddapah,213.125,62.0,823.0,396.22222222222223
Andhra Pradesh,Dr. B. R. Ambedkar Konaseema,219.0,34.0,724.0,421.77777777777777
Andhra Pradesh,East Godavari,222.25,41.0,640.0,319.1111111111111
Andhra Pradesh,Eluru,165.75,193.0,860.0,536.3333333333334
Andhra Pradesh,Guntur,175.625,49.0,729.0,382.44444444444446
Andhra Pradesh,Hyderabad,118.5,391.0,761.0,488.8888888888889
Andhra Pradesh,K.V.Rangareddy,180.5,215.0,627.0,442.4
Andhra Pradesh,K.v. Rangareddy,321.4,272.0,906.0,619.3333333333334
Andhra Pradesh,Kakinada,232.0,141.0,772.0,449.55555555555554
Andhra Pradesh,Karim Nagar,208.75,92.0,810.0,416.6666666666667
Andhra Pradesh,Karimnagar,168.625,185.0,606.0,399.3333333333333
Andhra Pradesh,Khammam,248.125,109.0,838.0,418.22222222222223
Andhra Pradesh,Krishna,187.125,31.0,599.0,345.1111111111111
Andhra Pradesh,Kurnool,144.5,244.0,804.0,528.1111111111111
Andhra Pradesh,Mahabub Nagar,192.75,192.0,786.0,463.1111111111111
Andhra Pradesh,Mahabubnagar,606.3333333333334,66.0,999.0,389.5
Andhra Pradesh,Mahbubnagar,164.5,338.0,765.0,476.8888888888889
Andhra Pradesh,Medak,94.625,391.0,716.0,540.4444444444445
Andhra Pradesh,N. T. R,191.625,135.0,604.0,412.0
Andhra Pradesh,Nalgonda,172.0,108.0,525.0,326.3333333333333
Andhra Pradesh,Nandyal,174.75,187.0,833.0,577.6666666666666
Andhra Pradesh,Nellore,162.625,196.0,839.0,430.77777777777777
Andhra Pradesh,Nizamabad,46.375,391.0,525.0,445.0
Andhra Pradesh,Palnadu,265.25,187.0,912.0,469.3333333333333
Andhra Pradesh,Parvathipuram Manyam,179.0,54.0,684.0,439.22222222222223
Andhra Pradesh,Prakasam,222.875,7.0,833.0,359.6666666666667
Andhra Pradesh,Rangareddi,107.125,391.0,698.0,517.6666666666666
Andhra Pradesh,Spsr Nellore,106.5,70.0,283.0,176.0
Andhra Pradesh,Sri Potti Sriramulu Nellore,140.25,5.0,596.0,287.0
Andhra Pradesh,Sri Sathya Sai,283.375,193.0,911.0,494.3333333333333
Andhra Pradesh,Srikakulam,254.0,67.0,785.0,445.44444444444446
Andhra Pradesh,Tirupati,111.625,81.0,521.0,313.77777777777777
Andhra Pradesh,Visakhapatanam,,245.0,245.0,245.0
Andhra Pradesh,Visakhapatnam,225.75,42.0,667.0,346.44444444444446
Andhra Pradesh,Vizianagaram,135.625,47.0,545.0,376.8888888888889
Andhra Pradesh,Warangal,91.0,101.0,530.0,321.22222222222223
Andhra Pradesh,West Godavari,184.375,27.0,626.0,294.1111111111111
Andhra Pradesh,Y. S. R,259.875,229.0,865.0,467.0
Arunachal Pradesh,Anjaw,259.375,23.0,930.0,517.1111111111111
Arunachal Pradesh,Changlang,150.625,226.0,877.0,554.8888888888889
Arunachal Pradesh,Dibang Valley,402.0,3.0,968.0,539.1111111111111
Arunachal Pradesh,East Kameng,214.375,391.0,971.0,629.0
Arunachal Pradesh,East Siang,168.625,358.0,917.0,591.3333333333334
Arunachal Pradesh,Kamle,487.4,32.0,980.0,647.3333333333334
Arunachal Pradesh,Kra Daadi,154.625,391.0,978.0,665.7777777777778
Arunachal Pradesh,Kurung Kumey,331.125,14.0,971.0,580.5555555555555
Arunachal Pradesh,Leparada,657.0,1.0,985.0,735.25
Arunachal Pradesh,Lohit,189.75,96.0,690.0,479.8888888888889
Arunachal Pradesh,Longding,167.875,302.0,959.0,631.7777777777778
Arunachal Pradesh,Lower Dibang Valley,158.75,391.0,880.0,617.7777777777778
Arunachal Pradesh,Lower Siang,475.0,105.0,903.0,547.5
Arunachal Pradesh,Lower Subansiri,198.625,232.0,900.0,561.5555555555555
Arunachal Pradesh,Namsai,196.0,56.0,746.0,457.6666666666667
Arunachal Pradesh,Pakke Kessang,522.75,2.0,1003.0,671.0
Arunachal Pradesh,Papum Pare,116.375,391.0,929.0,627.3333333333334
Arunachal Pradesh,Shi-yomi,337.625,25.0,970.0,590.2222222222222
Arunachal Pradesh,Siang,220.0,70.0,975.0,529.6666666666666
Arunachal Pradesh,Tawang,227.125,332.0,973.0,533.1111111111111
Arunachal Pradesh,Tirap,174.875,153.0,866.0,431.3333333333333
Arunachal Pradesh,Upper Siang,199.5,10.0,776.0,465.6666666666667
Arunachal Pradesh,Upper Subansiri,330.875,91.0,974.0,604.0
Arunachal Pradesh,West Kameng,260.25,203.0,960.0,551.2222222222222
Arunachal Pradesh,West Siang,183.625,391.0,947.0,575.0
Assam,Bajali,240.0,33.0,729.0,352.5
Assam,Baksa,351.875,36.0,845.0,248.22222222222223
Assam,Barpeta,138.5,19.0,545.0,178.66666666666666
Assam,Biswanath,233.125,169.0,725.0,415.22222222222223
Assam,Bongaigaon,292.5,35.0,685.0,210.88888888888889
Assam,Cachar,219.625,73.0,748.0,318.8888888888889
Assam,Charaideo,240.375,117.0,945.0,417.6666666666667
Assam,Chirang,352.75,45.0,760.0,338.77777777777777
Assam,Darrang,318.125,71.0,904.0,343.22222222222223
Assam,Dhemaji,202.0,53.0,663.0,227.22222222222223
Assam,Dhubri,273.75,30.0,785.0,216.66666666666666
Assam,Dibrugarh,131.0,22.0,552.0,190.11111111111111
Assam,Dima Hasao,265.6,61.0,572.0,231.16666666666666
Assam,Goalpara,215.25,80.0,728.0,293.0
Assam,Golaghat,182.375,69.0,789.0,317.22222222222223
Assam,Hailakandi,257.0,105.0,832.0,340.1111111111111
Assam,Hojai,191.0,52.0,693.0,296.55555555555554
Assam,Jorhat,227.5,90.0,746.0,315.1111111111111
Assam,Kamrup,223.875,25.0,869.0,205.33333333333334
Assam,Kamrup Metro,283.0,16.0,762.0,254.55555555555554
Assam,Karbi Anglong,299.5,77.0,847.0,359.22222222222223
Assam,Karimganj,256.75,134.0,862.0,442.55555555555554
Assam,Kokrajhar,169.625,48.0,491.0,154.0
Assam,Lakhimpur,283.5,40.0,828.0,364.77777777777777
Assam,Majuli,312.25,98.0,973.0,450.0
Assam,Marigaon,195.5,48.0,686.0,202.88888888888889
Assam,Nagaon,276.75,16.0,835.0,222.44444444444446
Assam,Nalbari,316.375,122.0,808.0,430.44444444444446
Assam,North Cachar Hills,167.75,149.0,814.0,471.0
Assam,Sibsagar,307.5,67.0,796.0,415.1111111111111
Assam,Sivasagar,34.0,165.0,199.0,182.0
Assam,Sonitpur,283.375,20.0,818.0,316.44444444444446
Assam,South Salmara Mankachar,129.875,97.0,643.0,394.55555555555554
Assam,Sribhumi,136.66666666666666,82.0,492.0,237.5
Assam,Tamulpur District,356.3333333333333,110.0,888.0,553.5
Assam,Tinsukia,404.75,25.0,925.0,292.44444444444446
Assam,Udalguri,255.0,38.0,715.0,329.8888888888889
Assam,West Karbi Anglong,106.125,6.0,655.0,162.44444444444446
Bihar,Araria,183.875,137.0,950.0,448.0
Bihar,Arwal,259.875,178.0,935.0,475.22222222222223
Bihar,Aurangabad,138.125,391.0,849.0,573.6666666666666
Bihar,Aurangabad(BH),458.6666666666667,231.0,978.0,489.75
Bihar,Aurangabad(bh),132.33333333333334,470.0,867.0,619.25
Bihar,Banka,127.25,184.0,904.0,476.1111111111111
Bihar,Begusarai,145.25,200.0,756.0,526.8888888888889
Bihar,Bhabua,214.66666666666666,358.0,948.0,528.75
Bihar,Bhagalpur,157.625,6.0,803.0,377.22222222222223
Bihar,Bhojpur,107.375,259.0,859.0,527.1111111111111
Bihar,Buxar,87.75,378.0,848.0,581.2222222222222
Bihar,Darbhanga,236.75,63.0,873.0,414.1111111111111
Bihar,East Champaran,143.625,225.0,846.0,441.3333333333333
Bihar,Gaya,109.25,219.0,788.0,482.77777777777777
Bihar,Gopalganj,146.375,195.0,836.0,467.3333333333333
Bihar,Jamui,98.375,183.0,727.0,447.44444444444446
Bihar,Jehanabad,194.125,190.0,921.0,478.22222222222223
Bihar,Kaimur (Bhabua),147.625,168.0,894.0,428.44444444444446
Bihar,Katihar,153.5,117.0,840.0,429.77777777777777
Bihar,Khagaria,86.125,391.0,763.0,541.4444444444445
Bihar,Kishanganj,213.5,15.0,880.0,430.1111111111111
Bihar,Lakhisarai,154.125,242.0,928.0,452.1111111111111
Bihar,Madhepura,99.875,262.0,902.0,533.8888888888889
Bihar,Madhubani,120.125,23.0,878.0,328.1111111111111
Bihar,Monghyr,120.66666666666667,354.0,594.0,436.75
Bihar,Munger,165.5,201.0,654.0,370.77777777777777
Bihar,Muzaffarpur,148.0,4.0,718.0,335.3333333333333
Bihar,Nalanda,133.0,221.0,851.0,504.44444444444446
Bihar,Nawada,112.625,338.0,837.0,507.22222222222223
Bihar,Pashchim Champaran,226.71428571428572,73.0,884.0,425.625
Bihar,Patna,192.75,5.0,705.0,329.0
Bihar,Purba Champaran,110.33333333333333,416.0,719.0,565.75
Bihar,Purbi Champaran,136.0,72.0,344.0,219.66666666666666
Bihar,Purnea,186.75,200.0,810.0,516.4444444444445
Bihar,Purnia,237.25,129.0,890.0,397.0
Bihar,Rohtas,113.125,364.0,811.0,523.8888888888889
Bihar,Saharsa,130.25,167.0,861.0,447.22222222222223
Bihar,Samastipur,135.375,199.0,724.0,464.1111111111111
Bihar,Samstipur,196.0,362.0,828.0,535.25
Bihar,Saran,166.375,124.0,773.0,477.6666666666667
Bihar,Sheikhpura,124.0,391.0,906.0,513.0
Bihar,Sheikpura,266.0,171.0,800.0,382.5
Bihar,Sheohar,76.125,391.0,882.0,566.4444444444445
Bihar,Sitamarhi,125.25,56.0,774.0,331.77777777777777
Bihar,Siwan,169.0,119.0,755.0,440.55555555555554
Bihar,Supaul,143.0,183.0,905.0,503.1111111111111
Bihar,Vaishali,127.125,129.0,776.0,513.6666666666666
Bihar,West Champaran,168.75,235.0,934.0,485.44444444444446
Chandigarh,Chandigarh,252.125,18.0,725.0,410.44444444444446
Chandigarh,Mohali,11.5,982.0,995.0,987.3333333333334
Chandigarh,Rupnagar,301.0,358.0,997.0,794.75
Chhatisgarh,Raipur,9.5,988.0,1002.0,995.6666666666666
Chhattisgarh,Balod,145.125,68.0,476.0,221.22222222222223
Chhattisgarh,Baloda Bazar,223.375,54.0,465.0,205.11111111111111
Chhattisgarh,Balrampur,152.625,43.0,483.0,306.55555555555554
Chhattisgarh,Bastar,195.375,21.0,663.0,359.6666666666667
Chhattisgarh,Bemetara,177.5,72.0,525.0,266.6666666666667
Chhattisgarh,Bijapur,59.375,13.0,190.0,112.55555555555556
Chhattisgarh,Bilaspur,205.0,78.0,529.0,277.44444444444446
Chhattisgarh,Dakshin Bastar Dantewada,227.25,98.0,950.0,480.77777777777777
Chhattisgarh,Dantewada,225.625,213.0,977.0,536.4444444444445
Chhattisgarh,Dhamtari,187.5,44.0,439.0,262.0
Chhattisgarh,Durg,196.5,31.0,639.0,210.55555555555554
Chhattisgarh,Gariyaband,125.375,67.0,525.0,275.0
Chhattisgarh,Gaurela-pendra-marwahi,175.5,135.0,814.0,468.55555555555554
Chhattisgarh,Gaurella Pendra Marwahi,79.0,235.0,314.0,274.5
Chhattisgarh,Janjgir - Champa,416.0,161.0,785.0,417.5
Chhattisgarh,Janjgir Champa,235.0,21.0,408.0,256.5
Chhattisgarh,Janjgir-champa,302.0,15.0,809.0,261.1111111111111
Chhattisgarh,Jashpur,244.5,123.0,712.0,370.22222222222223
Chhattisgarh,Kabeerdham,275.375,31.0,762.0,338.0
Chhattisgarh,Kanker,128.75,34.0,590.0,343.6666666666667
Chhattisgarh,Kawardha,208.75,100.0,564.0,347.1111111111111
Chhattisgarh,Khairagarh Chhuikhadan Gandai,200.0,329.0,873.0,520.5
Chhattisgarh,Kondagaon,139.625,172.0,535.0,401.77777777777777
Chhattisgarh,Korba,283.125,41.0,865.0,299.44444444444446
Chhattisgarh,Koriya,234.375,33.0,683.0,378.6666666666667
Chhattisgarh,Mahasamund,134.5,24.0,460.0,261.3333333333333
Chhattisgarh,ManendragarhChirmiriBharatpur,58.5,417.0,525.0,456.0
Chhattisgarh,Manendragarh–Chirmiri–Bharatpur,212.33333333333334,112.0,749.0,488.75
Chhattisgarh,Mohalla-Manpur-Ambagarh Chowki,344.0,37.0,983.0,604.75
Chhattisgarh,Mohla-Manpur-Ambagarh Chouki,204.0,127.0,934.0,508.3333333333333
Chhattisgarh,Mungeli,157.375,9.0,426.0,228.55555555555554
Chhattisgarh,Narayanpur,189.375,29.0,811.0,471.1111111111111
Chhattisgarh,Raigarh,222.0,4.0,608.0,257.6666666666667
Chhattisgarh,Raipur,189.5,20.0,533.0,221.0
Chhattisgarh,Rajnandgaon,188.0,24.0,497.0,187.77777777777777
Chhattisgarh,Sakti,212.875,353.0,957.0,578.7777777777778
Chhattisgarh,Sarangarh-Bilaigarh,253.66666666666666,175.0,569.0,300.5
Chhattisgarh,Sukma,192.25,80.0,696.0,315.1111111111111
Chhattisgarh,Surajpur,303.125,16.0,871.0,370.1111111111111
Chhattisgarh,Surguja,152.25,59.0,461.0,283.1111111111111
Chhattisgarh,Uttar Bastar Kanker,85.25,49.0,525.0,309.44444444444446
Dadra & Nagar Haveli,Dadra & Nagar Haveli,350.4,168.0,946.0,606.5
Dadra and Nagar Haveli,Dadra and Nagar Haveli,159.625,265.0,945.0,529.3333333333334
Dadra and Nagar Haveli and Daman and Diu,Dadra and Nagar Haveli,250.125,47.0,829.0,472.8888888888889
Dadra and Nagar Haveli and Daman and Diu,Daman,240.625,12.0,783.0,371.0
Dadra and Nagar Haveli and Daman and Diu,Diu,580.0,81.0,980.0,529.5
Daman & Diu,Daman,127.875,55.0,810.0,331.8888888888889
Daman & Diu,Diu,184.14285714285714,7.0,810.0,391.75
Daman and Diu,Daman,102.875,105.0,525.0,331.3333333333333
Daman and Diu,Diu,262.75,263.0,914.0,510.44444444444446
Delhi,Central Delhi,166.875,9.0,392.0,196.33333333333334
Delhi,East Delhi,241.875,23.0,753.0,301.6666666666667
Delhi,Najafgarh,355.8333333333333,19.0,870.0,427.2857142857143
Delhi,New Delhi,198.75,51.0,694.0,324.44444444444446
Delhi,North Delhi,179.625,53.0,648.0,303.6666666666667
Delhi,North East,139.75,74.0,525.0,351.6666666666667
Delhi,North East   *,,983.0,983.0,983.0
Delhi,North East Delhi,299.25,69.0,894.0,400.0
Delhi,North West Delhi,148.5,2.0,654.0,190.0
Delhi,Shahdara,265.25,51.0,661.0,298.77777777777777
Delhi,South Delhi,134.25,10.0,477.0,202.55555555555554
Delhi,South East Delhi,130.5,86.0,810.0,364.0
Delhi,South West Delhi,219.375,13.0,681.0,257.0
Delhi,West Delhi,121.25,16.0,564.0,209.44444444444446
Goa,Bardez,792.0,160.0,996.0,598.25
Goa,North Goa,149.125,31.0,699.0,291.3333333333333
Goa,South Goa,144.625,66.0,725.0,358.0
Goa,Tiswadi,18.0,984.0,1002.0,993.0
Gujarat,Ahmadabad,160.625,127.0,810.0,384.44444444444446
Gujarat,Ahmedabad,285.5,2.0,678.0,228.33333333333334
Gujarat,Amreli,181.875,111.0,656.0,285.77777777777777
Gujarat,Anand,124.625,46.0,409.0,173.88888888888889
Gujarat,Arvalli,294.25,121.0,861.0,437.3333333333333
Gujarat,Banas Kantha,269.3333333333333,71.0,962.0,421.14285714285717
Gujarat,Banaskantha,213.5,81.0,744.0,326.6666666666667
Gujarat,Bharuch,216.0,61.0,719.0,417.22222222222223
Gujarat,Bhavnagar,189.0,52.0,680.0,279.0
Gujarat,Botad,312.125,106.0,848.0,400.44444444444446
Gujarat,Chhotaudepur,252.875,36.0,775.0,278.8888888888889
Gujarat,Dahod,282.25,113.0,763.0,423.22222222222223
Gujarat,Dang,64.0,139.0,203.0,171.0
Gujarat,Devbhumi Dwarka,249.375,87.0,647.0,298.55555555555554
Gujarat,Dohad,197.0,48.0,809.0,420.1111111111111
Gujarat,Gandhinagar,158.375,5.0,629.0,160.33333333333334
Gujarat,Gir Somnath,298.125,78.0,792.0,383.0
Gujarat,Jamnagar,245.75,50.0,625.0,304.44444444444446
Gujarat,Junagadh,174.75,136.0,692.0,398.8888888888889
Gujarat,Kachchh,99.25,4.0,318.0,115.11111111111111
Gujarat,Kheda,219.125,33.0,695.0,257.1111111111111
Gujarat,Mahesana,227.375,31.0,727.0,282.8888888888889
Gujarat,Mahisagar,241.5,108.0,613.0,317.0
Gujarat,Morbi,138.625,41.0,456.0,215.66666666666666
Gujarat,Narmada,165.5,103.0,778.0,368.0
Gujarat,Navsari,324.875,114.0,784.0,361.55555555555554
Gujarat,Panch Mahals,320.25,222.0,726.0,427.8
Gujarat,Panchmahals,166.375,123.0,584.0,336.55555555555554
Gujarat,Patan,61.875,19.0,182.0,108.55555555555556
Gujarat,Porbandar,217.25,134.0,754.0,314.6666666666667
Gujarat,Rajkot,85.625,11.0,394.0,147.55555555555554
Gujarat,Sabar Kantha,248.75,324.0,832.0,532.0
Gujarat,Sabarkantha,195.75,74.0,759.0,300.77777777777777
Gujarat,Surat,260.875,19.0,589.0,270.3333333333333
Gujarat,Surendra Nagar,166.5,25.0,604.0,236.44444444444446
Gujarat,Surendranagar,112.25,208.0,479.0,313.4
Gujarat,Tapi,304.75,68.0,928.0,475.3333333333333
Gujarat,The Dangs,365.125,82.0,978.0,507.8888888888889
Gujarat,Vadodara,204.0,11.0,731.0,173.66666666666666
Gujarat,Valsad,352.125,17.0,854.0,469.22222222222223
Haryana,Akhera,,1002.0,1002.0,1002.0
Haryana,Ambala,271.0,31.0,567.0,337.55555555555554
Haryana,Bhiwani,180.625,80.0,659.0,362.1111111111111
Haryana,Charkhi Dadri,222.5,212.0,874.0,495.0
Haryana,Faridabad,170.5,31.0,621.0,259.1111111111111
Haryana,Fatehabad,150.5,177.0,594.0,396.22222222222223
Haryana,Gurgaon,179.0,84.0,642.0,336.77777777777777
Haryana,Gurugram,130.5,69.0,330.0,205.33333333333334
Haryana,Hisar,226.75,39.0,745.0,402.55555555555554
Haryana,Jhajjar,185.25,300.0,733.0,483.6666666666667
Haryana,Jhajjar *,,983.0,983.0,983.0
Haryana,Jind,281.875,153.0,798.0,424.22222222222223
Haryana,Kaithal,157.0,15.0,535.0,387.6666666666667
Haryana,Karnal,224.375,184.0,762.0,445.1111111111111
Haryana,Kurukshetra,163.125,64.0,634.0,425.0
Haryana,Mahendragarh,157.25,186.0,587.0,367.22222222222223
Haryana,Mewat,185.25,42.0,646.0,373.77777777777777
Haryana,Nuh,,260.0,260.0,260.0
Haryana,Palwal,171.0,148.0,791.0,433.77777777777777
Haryana,Panchkula,184.625,246.0,760.0,477.44444444444446
Haryana,Panipat,219.0,123.0,731.0,404.8888888888889
Haryana,Rewari,250.0,105.0,844.0,465.3333333333333
Haryana,Rohtak,314.625,44.0,679.0,384.55555555555554
Haryana,Sirsa,168.625,183.0,588.0,337.22222222222223
Haryana,Sonipat,201.0,12.0,720.0,446.1111111111111
Haryana,Yamuna Nagar,239.25,214.0,742.0,411.77777777777777
Haryana,Yamunanagar,241.85714285714286,174.0,810.0,509.375
Himachal Pradesh,Bilaspur,158.75,287.0,753.0,521.5555555555555
Himachal Pradesh,Chamba,115.75,370.0,757.0,570.3333333333334
Himachal Pradesh,Hamirpur,99.625,288.0,600.0,491.0
Himachal Pradesh,Kangra,111.875,301.0,624.0,458.6666666666667
Himachal Pradesh,Kinnaur,192.25,172.0,810.0,440.22222222222223
Himachal Pradesh,Kullu,149.5,144.0,709.0,385.0
Himachal Pradesh,Lahaul and Spiti,787.3333333333334,117.0,987.0,582.5
Himachal Pradesh,Lahul & Spiti,375.75,86.0,698.0,311.6
Himachal Pradesh,Lahul and Spiti,246.6,342.0,931.0,508.0
Himachal Pradesh,Mandi,151.5,355.0,737.0,499.0
Himachal Pradesh,Shimla,99.125,292.0,595.0,425.3333333333333
Himachal Pradesh,Sirmaur,276.625,70.0,727.0,420.8888888888889
Himachal Pradesh,Solan,222.375,111.0,716.0,477.44444444444446
Himachal Pradesh,Una,178.875,236.0,792.0,452.22222222222223
Jammu & Kashmir,Anantnag,724.0,42.0,978.0,495.3333333333333
Jammu & Kashmir,Badgam,6.0,985.0,997.0,990.6666666666666
Jammu & Kashmir,Bandipur,18.0,976.0,1002.0,990.0
Jammu & Kashmir,Baramula,372.6666666666667,385.0,964.0,742.5
Jammu & Kashmir,Doda,44.0,951.0,1006.0,980.3333333333334
Jammu & Kashmir,Jammu,145.66666666666666,264.0,619.0,418.5
Jammu & Kashmir,Kargil,285.0,434.0,976.0,786.0
Jammu & Kashmir,Kathua,473.3333333333333,146.0,978.0,497.75
Jammu & Kashmir,Kupwara,385.0,405.0,983.0,829.75
Jammu & Kashmir,Leh (ladakh),449.6666666666667,323.0,1001.0,824.75
Jammu & Kashmir,Pulwama,31.5,951.0,991.0,972.0
Jammu & Kashmir,Punch,7.0,988.0,995.0,991.5
Jammu & Kashmir,Rajauri,316.6666666666667,36.0,985.0,736.75
Jammu & Kashmir,Srinagar,218.0,434.0,978.0,802.5
Jammu & Kashmir,Udhampur,322.6666666666667,42.0,995.0,750.5
Jammu And Kashmir,Doda,,366.0,366.0,366.0
Jammu And Kashmir,Shopian,,347.0,347.0,347.0
Jammu and Kashmir,?,,1002.0,1002.0,1002.0
Jammu and Kashmir,Anantnag,216.125,199.0,807.0,452.6666666666667
Jammu and Kashmir,Badgam,118.75,120.0,656.0,444.3333333333333
Jammu and Kashmir,Bandipore,197.75,272.0,920.0,568.1111111111111
Jammu and Kashmir,Baramula,270.0,53.0,716.0,347.1111111111111
Jammu and Kashmir,Budgam,227.125,192.0,969.0,585.3333333333334
Jammu and Kashmir,Doda,282.0,74.0,732.0,413.6666666666667
Jammu and Kashmir,Ganderbal,201.625,40.0,860.0,508.22222222222223
Jammu and Kashmir,Jammu,250.625,44.0,653.0,341.77777777777777
Jammu and Kashmir,Kargil,171.75,391.0,956.0,610.1111111111111
Jammu and Kashmir,Kathua,209.875,46.0,691.0,346.55555555555554
Jammu and Kashmir,Kishtwar,201.875,99.0,836.0,506.1111111111111
Jammu and Kashmir,Kulgam,199.875,364.0,944.0,576.7777777777778
Jammu and Kashmir,Kupwara,249.75,222.0,908.0,541.5555555555555
Jammu and Kashmir,Leh,263.25,391.0,953.0,584.3333333333334
Jammu and Kashmir,Poonch,,1006.0,1006.0,1006.0
Jammu and Kashmir,Pulwama,194.375,250.0,819.0,451.22222222222223
Jammu and Kashmir,Punch,361.0,63.0,928.0,489.3333333333333
Jammu and Kashmir,Rajouri,264.875,244.0,800.0,496.22222222222223
Jammu and Kashmir,Ramban,213.875,174.0,953.0,579.3333333333334
Jammu and Kashmir,Reasi,121.625,391.0,769.0,518.2222222222222
Jammu and Kashmir,Samba,236.0,184.0,866.0,415.8888888888889
Jammu and Kashmir,Shupiyan,231.375,73.0,960.0,593.6666666666666
Jammu and Kashmir,Srinagar,133.625,121.0,506.0,298.1111111111111
Jammu and Kashmir,Udhampur,184.125,202.0,688.0,381.77777777777777
Jammu and Kashmir,punch,,992.0,992.0,992.0
Jammu and Kashmir,udhampur,,988.0,988.0,988.0
Jharkhand,Bokaro,180.625,84.0,831.0,448.8888888888889
Jharkhand,Bokaro *,14.0,976.0,1006.0,990.25
Jharkhand,Chatra,232.0,145.0,768.0,423.77777777777777
Jharkhand,Deoghar,163.5,13.0,755.0,419.77777777777777
Jharkhand,Dhanbad,241.25,91.0,821.0,431.22222222222223
Jharkhand,Dumka,217.75,8.0,919.0,380.77777777777777
Jharkhand,East Singhbhum,246.5,9.0,644.0,322.22222222222223
Jharkhand,East Singhbum,,353.0,353.0,353.0
Jharkhand,Garhwa,170.625,118.0,709.0,470.3333333333333
Jharkhand,Garhwa *,181.75,326.0,810.0,493.3333333333333
Jharkhand,Giridih,250.25,103.0,907.0,514.7777777777778
Jharkhand,Godda,195.75,26.0,920.0,411.6666666666667
Jharkhand,Gumla,273.875,69.0,689.0,343.77777777777777
Jharkhand,Hazaribag,153.125,76.0,689.0,414.0
Jharkhand,Hazaribagh,223.375,130.0,858.0,496.1111111111111
Jharkhand,Jamtara,111.875,89.0,827.0,500.1111111111111
Jharkhand,Khunti,147.875,146.0,795.0,375.44444444444446
Jharkhand,Kodarma,102.25,83.0,628.0,435.3333333333333
Jharkhand,Koderma,131.125,88.0,795.0,507.6666666666667
Jharkhand,Latehar,156.0,147.0,681.0,429.22222222222223
Jharkhand,Lohardaga,204.75,153.0,687.0,401.0
Jharkhand,Pakaur,152.5,96.0,888.0,542.4444444444445
Jharkhand,Pakur,174.375,123.0,922.0,491.8888888888889
Jharkhand,Palamau,184.625,77.0,870.0,435.3333333333333
Jharkhand,Palamu,213.125,156.0,925.0,519.4444444444445
Jharkhand,Pashchimi Singhbhum,228.625,78.0,861.0,405.3333333333333
Jharkhand,Purbi Singhbhum,195.625,110.0,810.0,437.0
Jharkhand,Ramgarh,198.375,116.0,765.0,478.8888888888889
Jharkhand,Ranchi,168.375,45.0,631.0,322.6666666666667
Jharkhand,Sahebganj,117.125,126.0,939.0,541.1111111111111
Jharkhand,Sahibganj,208.5,81.0,807.0,478.44444444444446
Jharkhand,Seraikela-Kharsawan,162.875,138.0,895.0,454.77777777777777
Jharkhand,Seraikela-kharsawan,196.875,163.0,810.0,462.1111111111111
Jharkhand,Simdega,125.0,151.0,651.0,427.77777777777777
Jharkhand,West Singhbhum,143.875,158.0,835.0,439.77777777777777
Karnataka,Bagalkot,170.5,249.0,943.0,668.8888888888889
Karnataka,Bagalkot *,162.625,391.0,963.0,666.2222222222222
Karnataka,Ballari,284.625,171.0,916.0,526.2222222222222
Karnataka,Bangalore,171.75,284.0,768.0,431.3333333333333
Karnataka,Bangalore Rural,180.375,58.0,591.0,340.77777777777777
Karnataka,Belagavi,287.125,120.0,904.0,523.0
Karnataka,Belgaum,167.625,391.0,825.0,589.4444444444445
Karnataka,Bellary,176.5,391.0,872.0,568.0
Karnataka,Bengaluru,219.625,45.0,627.0,296.22222222222223
Karnataka,Bengaluru Rural,183.8,112.0,994.0,696.8333333333334
Karnataka,Bengaluru South,319.6666666666667,2.0,759.0,488.0
Karnataka,Bengaluru Urban,89.0,67.0,245.0,153.66666666666666
Karnataka,Bidar,183.25,22.0,725.0,421.77777777777777
Karnataka,Bijapur,194.375,391.0,842.0,589.5555555555555
Karnataka,Bijapur(KAR),36.0,934.0,988.0,973.75
Karnataka,Chamarajanagar,261.5,230.0,821.0,517.5555555555555
Karnataka,Chamarajanagar *,274.3333333333333,84.0,907.0,371.5
Karnataka,Chamrajanagar,293.375,81.0,894.0,501.6666666666667
Karnataka,Chamrajnagar,180.25,195.0,809.0,530.4444444444445
Karnataka,Chickmagalur,112.875,391.0,788.0,514.6666666666666
Karnataka,Chikkaballapur,164.125,303.0,827.0,527.5555555555555
Karnataka,Chikkamagaluru,193.75,184.0,756.0,502.77777777777777
Karnataka,Chikmagalur,192.25,391.0,910.0,557.8888888888889
Karnataka,Chitradurga,207.0,184.0,731.0,426.55555555555554
Karnataka,Dakshina Kannada,196.0,95.0,801.0,531.8888888888889
Karnataka,Davanagere,264.75,143.0,882.0,450.22222222222223
Karnataka,Davangere,275.375,57.0,788.0,491.55555555555554
Karnataka,Dharwad,238.0,201.0,856.0,530.7777777777778
Karnataka,Gadag,149.625,389.0,931.0,668.8888888888889
Karnataka,Gadag *,180.125,391.0,934.0,660.7777777777778
Karnataka,Gulbarga,204.625,215.0,889.0,537.5555555555555
Karnataka,Hasan,109.25,391.0,742.0,524.8888888888889
Karnataka,Hassan,189.75,192.0,800.0,541.6666666666666
Karnataka,Haveri,178.75,203.0,878.0,604.1111111111111
Karnataka,Haveri *,190.25,147.0,828.0,551.7777777777778
Karnataka,Kalaburagi,324.625,113.0,891.0,492.6666666666667
Karnataka,Kodagu,186.25,361.0,874.0,490.0
Karnataka,Kolar,187.0,196.0,781.0,436.8888888888889
Karnataka,Koppal,284.375,104.0,886.0,497.8888888888889
Karnataka,Mandya,203.125,189.0,751.0,426.77777777777777
Karnataka,Mysore,144.25,352.0,813.0,496.6666666666667
Karnataka,Mysuru,226.75,103.0,677.0,392.77777777777777
Karnataka,Raichur,250.125,46.0,855.0,417.44444444444446
Karnataka,Ramanagar,230.75,169.0,887.0,472.77777777777777
Karnataka,Ramanagara,,335.0,335.0,335.0
Karnataka,Shimoga,80.25,391.0,710.0,530.5555555555555
Karnataka,Shivamogga,258.125,113.0,783.0,502.44444444444446
Karnataka,Tumakuru,282.75,58.0,866.0,470.1111111111111
Karnataka,Tumkur,182.625,234.0,830.0,491.22222222222223
Karnataka,Udupi,117.375,391.0,877.0,638.0
Karnataka,Udupi *,4.5,988.0,997.0,992.3333333333334
Karnataka,Uttara Kannada,147.75,375.0,853.0,578.0
Karnataka,Vijayanagara,248.75,88.0,868.0,468.3333333333333
Karnataka,Vijayapura,271.25,101.0,922.0,483.77777777777777
Karnataka,Yadgir,282.875,118.0,946.0,490.3333333333333
Karnataka,yadgir,224.875,189.0,892.0,575.5555555555555
Kerala,Alappuzha,213.625,181.0,729.0,404.0
Kerala,Ernakulam,254.0,14.0,619.0,318.3333333333333
Kerala,Idukki,221.125,216.0,839.0,446.77777777777777
Kerala,Kannur,172.75,1.0,542.0,353.44444444444446
Kerala,Kasaragod,154.0,283.0,620.0,481.3333333333333
Kerala,Kasargod,165.0,193.0,810.0,467.875
Kerala,Kollam,277.875,4.0,687.0,375.77777777777777
Kerala,Kottayam,132.875,333.0,735.0,457.6666666666667
Kerala,Kozhikode,78.625,374.0,618.0,448.3333333333333
Kerala,Malappuram,176.625,36.0,544.0,366.77777777777777
Kerala,Palakkad,178.125,172.0,682.0,433.44444444444446
Kerala,Pathanamthitta,155.0,191.0,618.0,418.55555555555554
Kerala,Thiruvananthapuram,258.125,3.0,472.0,317.77777777777777
Kerala,Thrissur,181.625,1.0,527.0,388.22222222222223
Kerala,Wayanad,135.375,230.0,676.0,445.8888888888889
Ladakh,Kargil,216.625,196.0,957.0,568.1111111111111
Ladakh,Leh,198.375,27.0,788.0,374.3333333333333
Lakshadweep,Lakshadweep,232.5,360.0,897.0,582.1111111111111
Madhya Pradesh,Agar Malwa,169.0,156.0,831.0,412.22222222222223
Madhya Pradesh,Alirajpur,174.875,63.0,758.0,310.0
Madhya Pradesh,Anuppur,159.75,273.0,817.0,453.8888888888889
Madhya Pradesh,Ashok Nagar,299.375,28.0,855.0,381.3333333333333
Madhya Pradesh,Ashoknagar,99.0,261.0,360.0,310.5
Madhya Pradesh,Balaghat,211.875,45.0,780.0,476.8888888888889
Madhya Pradesh,Barwani,236.25,38.0,824.0,386.1111111111111
Madhya Pradesh,Betul,384.125,15.0,930.0,441.77777777777777
Madhya Pradesh,Bhind,223.5,21.0,769.0,270.1111111111111
Madhya Pradesh,Bhopal,295.625,30.0,743.0,372.55555555555554
Madhya Pradesh,Burhanpur,309.625,65.0,916.0,451.22222222222223
Madhya Pradesh,Chhatarpur,213.625,24.0,785.0,287.77777777777777
Madhya Pradesh,Chhindwara,214.875,260.0,855.0,540.1111111111111
Madhya Pradesh,Damoh,136.375,177.0,797.0,500.3333333333333
Madhya Pradesh,Datia,300.0,83.0,869.0,383.44444444444446
Madhya Pradesh,Dewas,325.0,39.0,813.0,387.22222222222223
Madhya Pradesh,Dhar,305.25,17.0,800.0,314.0
Madhya Pradesh,Dindori,170.375,201.0,894.0,520.4444444444445
Madhya Pradesh,East Nimar,193.5,237.0,865.0,518.3333333333334
Madhya Pradesh,Guna,251.0,61.0,787.0,366.44444444444446
Madhya Pradesh,Gwalior,250.125,14.0,749.0,239.11111111111111
Madhya Pradesh,Harda,210.75,248.0,816.0,525.1111111111111
Madhya Pradesh,Harda *,132.625,200.0,616.0,451.0
Madhya Pradesh,Hoshangabad,236.0,147.0,938.0,552.3333333333334
Madhya Pradesh,Indore,204.75,29.0,630.0,280.77777777777777
Madhya Pradesh,Jabalpur,308.5,2.0,778.0,361.6666666666667
Madhya Pradesh,Jhabua,227.0,80.0,770.0,393.6666666666667
Madhya Pradesh,Katni,201.625,24.0,885.0,421.22222222222223
Madhya Pradesh,Khandwa,352.875,12.0,902.0,456.22222222222223
Madhya Pradesh,Khargone,200.5,15.0,675.0,274.77777777777777
Madhya Pradesh,Maihar,154.16666666666666,141.0,525.0,334.57142857142856
Madhya Pradesh,Mandla,181.25,290.0,902.0,572.2222222222222
Madhya Pradesh,Mandsaur,229.875,200.0,926.0,587.7777777777778
Madhya Pradesh,Mauganj,181.5,273.0,864.0,497.42857142857144
Madhya Pradesh,Morena,268.25,37.0,815.0,327.8888888888889
Madhya Pradesh,Narmadapuram,146.125,77.0,502.0,341.22222222222223
Madhya Pradesh,Narsimhapur,110.875,219.0,710.0,463.0
Madhya Pradesh,Narsinghpur,182.875,86.0,626.0,385.3333333333333
Madhya Pradesh,Neemuch,232.125,227.0,900.0,545.8888888888889
Madhya Pradesh,Niwari,146.375,17.0,642.0,394.8888888888889
Madhya Pradesh,Pandhurna,259.75,7.0,636.0,269.6
Madhya Pradesh,Panna,221.125,12.0,750.0,337.0
Madhya Pradesh,Raisen,267.125,50.0,772.0,399.77777777777777
Madhya Pradesh,Rajgarh,191.25,287.0,877.0,523.3333333333334
Madhya Pradesh,Ratlam,162.875,250.0,835.0,449.8888888888889
Madhya Pradesh,Rewa,243.875,98.0,858.0,463.77777777777777
Madhya Pradesh,Sagar,276.625,5.0,796.0,256.44444444444446
Madhya Pradesh,Satna,305.25,14.0,854.0,374.44444444444446
Madhya Pradesh,Sehore,174.875,116.0,707.0,382.6666666666667
Madhya Pradesh,Seoni,140.0,264.0,825.0,492.55555555555554
Madhya Pradesh,Shahdol,289.0,134.0,792.0,405.0
Madhya Pradesh,Shajapur,223.375,117.0,682.0,457.77777777777777
Madhya Pradesh,Sheopur,230.0,23.0,795.0,392.77777777777777
Madhya Pradesh,Shivpuri,295.625,68.0,737.0,273.1111111111111
Madhya Pradesh,Sidhi,189.5,265.0,958.0,511.44444444444446
Madhya Pradesh,Singrauli,181.375,278.0,955.0,578.6666666666666
Madhya Pradesh,Tikamgarh,128.375,386.0,823.0,559.5555555555555
Madhya Pradesh,Ujjain,157.0,271.0,779.0,491.3333333333333
Madhya Pradesh,Umaria,226.5,67.0,946.0,485.44444444444446
Madhya Pradesh,Vidisha,370.125,32.0,935.0,459.1111111111111
Madhya Pradesh,West Nimar,147.625,339.0,798.0,552.5555555555555
Maharashtra,Ahilyanagar,,958.0,958.0,958.0
Maharashtra,Ahmadnagar,240.0,4.0,798.0,283.0
Maharashtra,Ahmed Nagar,230.0,29.0,820.0,412.22222222222223
Maharashtra,Ahmednagar,,315.0,315.0,315.0
Maharashtra,Akola,176.0,37.0,497.0,266.55555555555554
Maharashtra,Amravati,113.25,6.0,426.0,170.77777777777777
Maharashtra,Aurangabad,259.0,26.0,706.0,250.0
Maharashtra,Beed,62.375,14.0,328.0,76.44444444444444
Maharashtra,Bhandara,206.625,3.0,546.0,292.0
Maharashtra,Bid,226.57142857142858,32.0,810.0,403.25
Maharashtra,Buldana,182.875,11.0,810.0,365.77777777777777
Maharashtra,Buldhana,122.625,12.0,476.0,177.88888888888889
Maharashtra,Chandrapur,78.5,7.0,228.0,63.44444444444444
Maharashtra,Chatrapati Sambhaji Nagar,182.125,59.0,840.0,396.1111111111111
Maharashtra,Chhatrapati Sambhajinagar,172.125,26.0,718.0,369.0
Maharashtra,Dharashiv,119.42857142857143,15.0,550.0,313.5
Maharashtra,Dhule,176.75,35.0,680.0,199.66666666666666
Maharashtra,Gadchiroli,122.375,1.0,359.0,213.0
Maharashtra,Gondia,223.33333333333334,5.0,433.0,199.5
Maharashtra,Gondiya,216.0,15.0,587.0,337.3333333333333
Maharashtra,Gondiya *,296.0,10.0,439.0,235.75
Maharashtra,Hingoli,125.125,20.0,320.0,166.33333333333334
Maharashtra,Hingoli *,199.66666666666666,407.0,1006.0,848.25
Maharashtra,Jalgaon,157.375,14.0,426.0,137.77777777777777
Maharashtra,Jalna,167.625,27.0,582.0,347.22222222222223
Maharashtra,Kolhapur,173.0,10.0,548.0,285.3333333333333
Maharashtra,Latur,163.5,28.0,525.0,150.33333333333334
Maharashtra,Mumbai,169.75,90.0,436.0,286.44444444444446
Maharashtra,Mumbai City,136.125,30.0,395.0,252.66666666666666
Maharashtra,Mumbai Suburban,225.5,29.0,522.0,236.44444444444446
Maharashtra,Mumbai( Sub Urban ),148.2,85.0,468.0,309.0
Maharashtra,Nagpur,147.125,6.0,520.0,142.77777777777777
Maharashtra,Nanded,71.875,12.0,461.0,112.11111111111111
Maharashtra,Nandurbar,219.5,25.0,647.0,265.6666666666667
Maharashtra,Nandurbar *,256.3333333333333,23.0,569.0,333.75
Maharashtra,Nashik,182.0,2.0,556.0,177.22222222222223
Maharashtra,Osmanabad,230.375,34.0,496.0,253.22222222222223
Maharashtra,Palghar,137.25,26.0,739.0,180.44444444444446
Maharashtra,Parbhani,192.875,7.0,562.0,236.0
Maharashtra,Pune,137.5,1.0,588.0,141.22222222222223
Maharashtra,Raigad,224.25,62.0,652.0,280.22222222222223
Maharashtra,Raigarh,147.75,42.0,549.0,354.6666666666667
Maharashtra,Raigarh(MH),381.6666666666667,40.0,827.0,449.75
Maharashtra,Ratnagiri,137.0,28.0,525.0,259.8888888888889
Maharashtra,Sangli,178.0,19.0,426.0,169.11111111111111
Maharashtra,Satara,108.625,36.0,543.0,141.0
Maharashtra,Sindhudurg,135.0,24.0,525.0,275.1111111111111
Maharashtra,Solapur,158.375,8.0,503.0,155.88888888888889
Maharashtra,Thane,111.625,1.0,590.0,133.22222222222223
Maharashtra,Wardha,140.0,8.0,547.0,300.0
Maharashtra,Washim,211.0,13.0,541.0,220.33333333333334
Maharashtra,Washim *,245.0,5.0,475.0,190.75
Maharashtra,Yavatmal,172.5,6.0,426.0,151.0
Manipur,Bishnupur,283.875,21.0,974.0,468.6666666666667
Manipur,Chandel,335.625,50.0,970.0,544.8888888888889
Manipur,Churachandpur,404.5,44.0,938.0,478.8888888888889
Manipur,Imphal East,195.5,19.0,723.0,407.77777777777777
Manipur,Imphal West,279.125,18.0,837.0,370.22222222222223
Manipur,Jiribam,340.875,60.0,977.0,539.8888888888889
Manipur,Kakching,125.75,391.0,975.0,667.7777777777778
Manipur,Pherzawl,869.6666666666666,49.0,979.0,509.75
Manipur,Senapati,336.0,59.0,959.0,525.0
Manipur,Tamenglong,334.25,54.0,978.0,531.6666666666666
Manipur,Thoubal,213.5,30.0,786.0,402.22222222222223
Manipur,Ukhrul,288.5,63.0,954.0,471.22222222222223
Meghalaya,East Garo Hills,88.875,65.0,334.0,151.66666666666666
Meghalaya,East Jaintia Hills,105.25,21.0,637.0,166.88888888888889
Meghalaya,East Khasi Hills,51.125,26.0,189.0,95.77777777777777
Meghalaya,Eastern West Khasi Hills,491.3333333333333,4.0,909.0,594.75
Meghalaya,Jaintia Hills,590.0,401.0,998.0,794.3333333333334
Meghalaya,Kamrup,,148.0,148.0,148.0
Meghalaya,North Garo Hills,225.0,7.0,417.0,190.88888888888889
Meghalaya,Ri Bhoi,77.0,14.0,187.0,98.44444444444444
Meghalaya,South Garo Hills,178.625,71.0,954.0,237.33333333333334
Meghalaya,South West Garo Hills,186.25,46.0,590.0,187.22222222222223
Meghalaya,South West Khasi Hills,207.125,79.0,715.0,258.3333333333333
Meghalaya,West Garo Hills,111.75,71.0,593.0,238.22222222222223
Meghalaya,West Jaintia Hills,99.125,61.0,526.0,158.44444444444446
Meghalaya,West Khasi Hills,145.75,39.0,446.0,143.77777777777777
Mizoram,Aizawl,267.375,111.0,953.0,463.0
Mizoram,Champhai,181.875,37.0,867.0,344.6666666666667
Mizoram,Hnahthial,457.0,364.0,987.0,797.75
Mizoram,Khawzawl,646.6666666666666,4.0,981.0,489.5
Mizoram,Kolasib,278.25,164.0,912.0,476.44444444444446
Mizoram,Lawngtlai,162.0,50.0,694.0,334.44444444444446
Mizoram,Lunglei,290.875,174.0,941.0,494.77777777777777
Mizoram,Mamit,242.625,386.0,982.0,627.2222222222222
Mizoram,Mammit,187.125,249.0,944.0,512.5555555555555
Mizoram,Saiha,359.875,116.0,910.0,481.44444444444446
Mizoram,Saitual,383.4,1.0,810.0,312.1666666666667
Mizoram,Serchhip,141.375,265.0,698.0,474.3333333333333
Nagaland,Chumukedima,251.28571428571428,13.0,956.0,330.125
Nagaland,Dimapur,115.875,23.0,570.0,266.0
Nagaland,Kiphire,179.125,290.0,961.0,513.6666666666666
Nagaland,Kohima,167.5,166.0,673.0,352.44444444444446
Nagaland,Longleng,182.875,250.0,810.0,406.55555555555554
Nagaland,Meluri,402.3333333333333,12.0,1001.0,288.0
Nagaland,Mokokchung,113.125,92.0,426.0,272.8888888888889
Nagaland,Mon,170.875,176.0,883.0,505.44444444444446
Nagaland,Niuland,361.0,137.0,924.0,535.8571428571429
Nagaland,Noklak,264.5,125.0,976.0,472.22222222222223
Nagaland,Peren,260.5,55.0,925.0,344.55555555555554
Nagaland,Phek,256.875,30.0,955.0,446.8888888888889
Nagaland,Shamator,411.0,101.0,940.0,459.2
Nagaland,Tseminyu,337.6,6.0,890.0,395.1666666666667
Nagaland,Tuensang,244.25,169.0,921.0,417.22222222222223
Nagaland,Wokha,132.75,242.0,502.0,377.55555555555554
Nagaland,Zunheboto,98.375,218.0,507.0,388.0
ODISHA,NUAPADA,243.0,268.0,997.0,806.0
Odisha,ANGUL,27.0,951.0,978.0,964.5
Odisha,ANUGUL,252.28571428571428,169.0,818.0,468.75
Odisha,Angul,203.25,308.0,927.0,516.2222222222222
Odisha,Anugal,536.5,387.0,984.0,626.3333333333334
Odisha,Anugul,175.875,119.0,810.0,451.0
Odisha,BALANGIR,,988.0,988.0,988.0
Odisha,Balangir,206.875,101.0,929.0,501.22222222222223
Odisha,Baleshwar,199.375,202.0,811.0,459.44444444444446
Odisha,Baleswar,106.75,391.0,918.0,666.2222222222222
Odisha,Bargarh,107.625,391.0,932.0,594.3333333333334
Odisha,Baudh,297.25,167.0,911.0,457.44444444444446
Odisha,Bhadrak,139.75,391.0,913.0,645.1111111111111
Odisha,Boudh,107.625,391.0,967.0,603.5555555555555
Odisha,Cuttack,137.375,340.0,743.0,499.0
Odisha,Debagarh,126.0,391.0,917.0,564.0
Odisha,Dhenkanal,169.125,391.0,879.0,569.4444444444445
Odisha,Gajapati,168.25,347.0,844.0,561.8888888888889
Odisha,Ganjam,74.5,391.0,711.0,556.2222222222222
Odisha,JAJPUR,114.875,391.0,777.0,576.6666666666666
Odisha,Jagatsinghapur,146.125,391.0,950.0,598.7777777777778
Odisha,Jagatsinghpur,209.75,247.0,810.0,480.77777777777777
Odisha,Jajapur,101.5,391.0,802.0,572.0
Odisha,Jajpur,181.83333333333334,260.0,610.0,394.2857142857143
Odisha,Jharsuguda,74.5,385.0,720.0,524.2222222222222
Odisha,Kalahandi,138.375,368.0,826.0,537.7777777777778
Odisha,Kandhamal,137.125,301.0,937.0,590.6666666666666
Odisha,Kendrapara,158.25,320.0,795.0,539.0
Odisha,Kendujhar,147.75,391.0,833.0,566.4444444444445
Odisha,Khorda,253.375,235.0,840.0,511.1111111111111
Odisha,Khordha,154.625,140.0,810.0,393.55555555555554
Odisha,Koraput,130.875,331.0,886.0,538.2222222222222
Odisha,Malkangiri,171.5,131.0,971.0,578.3333333333334
Odisha,Mayurbhanj,89.25,391.0,819.0,594.4444444444445
Odisha,NAYAGARH,10.5,985.0,1006.0,997.6666666666666
Odisha,NUAPADA,229.25,83.0,558.0,334.4
Odisha,Nabarangapur,156.875,139.0,962.0,540.3333333333334
Odisha,Nabarangpur,,369.0,369.0,369.0
Odisha,Nayagarh,97.875,391.0,883.0,588.7777777777778
Odisha,Nuapada,173.25,239.0,972.0,532.8888888888889
Odisha,Puri,121.875,391.0,796.0,528.1111111111111
Odisha,Rayagada,72.75,391.0,856.0,610.4444444444445
Odisha,Sambalpur,109.375,391.0,843.0,569.8888888888889
Odisha,Sonapur,96.25,391.0,976.0,648.7777777777778
Odisha,Subarnapur,182.625,293.0,899.0,473.0
Odisha,Sundargarh,231.875,205.0,801.0,441.3333333333333
Odisha,Sundergarh,130.5,391.0,881.0,577.1111111111111
Odisha,jajpur,38.166666666666664,391.0,527.0,471.57142857142856
Orissa,Angul,,988.0,988.0,988.0
Orissa,Anugul,484.0,51.0,980.0,503.25
Orissa,Anugul  *,,1002.0,1002.0,1002.0
Orissa,Balangir,265.875,161.0,810.0,445.0
Orissa,Baleshwar,145.25,391.0,863.0,625.6666666666666
Orissa,Baleswar,656.3333333333334,47.0,995.0,734.25
Orissa,Bargarh,240.71428571428572,253.0,810.0,525.75
Orissa,Baudh,390.6666666666667,403.0,990.0,830.75
Orissa,Bhadrak,148.125,391.0,810.0,530.5555555555555
Orissa,Cuttack,218.875,107.0,810.0,451.77777777777777
Orissa,Debagarh,196.33333333333334,445.0,976.0,820.25
Orissa,Dhenkanal,192.75,288.0,930.0,520.6666666666666
Orissa,Gajapati,518.0,140.0,981.0,385.25
Orissa,Ganjam,145.5,274.0,810.0,480.77777777777777
Orissa,Jagatsinghapur,362.3333333333333,190.0,714.0,370.5
Orissa,Jajapur,269.0,270.0,810.0,504.0
Orissa,Jharsuguda,267.3333333333333,89.0,757.0,469.0
Orissa,Kalahandi,428.3333333333333,70.0,997.0,593.25
Orissa,Kandhamal,164.66666666666666,322.0,685.0,520.25
Orissa,Kendrapara,433.6666666666667,347.0,954.0,525.0
Orissa,Kendrapara *,,992.0,992.0,992.0
Orissa,Kendujhar,150.25,391.0,942.0,569.2
Orissa,Khorda,330.0,397.0,984.0,764.0
Orissa,Khordha,135.5,209.0,810.0,447.3333333333333
Orissa,Khordha  *,,1006.0,1006.0,1006.0
Orissa,Koraput,272.875,233.0,920.0,477.55555555555554
Orissa,Malkangiri,172.5,389.0,943.0,585.8
Orissa,Mayurbhanj,709.0,208.0,974.0,629.25
Orissa,Nabarangapur,256.3333333333333,265.0,998.0,805.0
Orissa,Nayagarh,123.33333333333333,315.0,666.0,492.14285714285717
Orissa,Nuapada,14.0,974.0,992.0,983.3333333333334
Orissa,Puri,273.5,182.0,849.0,466.22222222222223
Orissa,Rayagada,165.0,106.0,810.0,447.77777777777777
Orissa,Sambalpur,255.33333333333334,308.0,845.0,612.0
Orissa,Sonapur,413.6666666666667,432.0,975.0,722.5
Orissa,Subarnapur,235.66666666666666,288.0,995.0,647.0
Orissa,Sundargarh,195.83333333333334,297.0,810.0,510.0
Orissa,Sundergarh,15.0,982.0,997.0,989.5
Pondicherry,Cuddalore,10.0,985.0,1002.0,991.6666666666666
Pondicherry,Karaikal,108.0,234.0,525.0,307.0
Pondicherry,Pondicherry,138.875,331.0,810.0,456.8888888888889
Pondicherry,Viluppuram,8.0,985.0,1006.0,995.25
Pondicherry,Yanam,147.66666666666666,154.0,482.0,291.25
Puducherry,Karaikal,244.75,88.0,977.0,517.5555555555555
Puducherry,Pondicherry,481.0,253.0,986.0,684.5
Puducherry,Puducherry,185.625,156.0,708.0,447.44444444444446
Puducherry,Yanam,411.0,143.0,985.0,553.0
Punjab,Amritsar,213.125,3.0,527.0,229.88888888888889
Punjab,Barnala,256.75,127.0,789.0,379.22222222222223
Punjab,Bathinda,288.5,104.0,856.0,323.6666666666667
Punjab,Faridkot,173.375,103.0,508.0,323.77777777777777
Punjab,Fatehgarh Sahib,178.0,146.0,631.0,342.6666666666667
Punjab,Fazilka,233.75,147.0,723.0,334.3333333333333
Punjab,Ferozepur,205.5,189.0,807.0,356.22222222222223
Punjab,Firozpur,262.875,113.0,817.0,376.1111111111111
Punjab,Gurdaspur,209.375,10.0,804.0,244.44444444444446
Punjab,Hoshiarpur,202.75,3.0,627.0,191.55555555555554
Punjab,Jalandhar,220.5,18.0,641.0,323.55555555555554
Punjab,Kapurthala,48.625,8.0,201.0,108.88888888888889
Punjab,Ludhiana,90.375,14.0,447.0,145.22222222222223
Punjab,Malerkotla,106.25,228.0,794.0,462.55555555555554
Punjab,Mansa,285.25,73.0,820.0,320.44444444444446
Punjab,Moga,237.625,84.0,752.0,307.77777777777777
Punjab,Muktsar,173.625,142.0,810.0,442.55555555555554
Punjab,Nawanshahr,404.0,86.0,700.0,331.0
Punjab,Pathankot,137.125,165.0,651.0,377.6666666666667
Punjab,Patiala,314.25,16.0,656.0,269.6666666666667
Punjab,Rupnagar,119.5,139.0,507.0,378.22222222222223
Punjab,S.A.S Nagar,60.0,247.0,307.0,277.0
Punjab,S.A.S Nagar(Mohali),195.42857142857142,231.0,810.0,505.25
Punjab,SAS Nagar (Mohali),178.0,59.0,591.0,329.1111111111111
Punjab,Sangrur,207.625,116.0,629.0,331.22222222222223
Punjab,Shaheed Bhagat Singh Nagar,134.625,113.0,525.0,373.0
Punjab,Sri Muktsar Sahib,226.0,36.0,701.0,335.6666666666667
Punjab,Tarn Taran,250.75,54.0,712.0,301.3333333333333
Rajasthan,Ajmer,254.375,75.0,741.0,285.1111111111111
Rajasthan,Alwar,162.75,67.0,738.0,289.1111111111111
Rajasthan,Balotra,22.0,961.0,983.0,972.0
Rajasthan,Banswara,215.375,82.0,887.0,436.3333333333333
Rajasthan,Baran,253.75,15.0,662.0,275.3333333333333
Rajasthan,Barmer,259.25,45.0,793.0,352.44444444444446
Rajasthan,Beawar,,917.0,917.0,917.0
Rajasthan,Bharatpur,276.125,41.0,776.0,392.22222222222223
Rajasthan,Bhilwara,224.375,99.0,638.0,322.1111111111111
Rajasthan,Bikaner,181.5,48.0,635.0,247.66666666666666
Rajasthan,Bundi,281.375,40.0,806.0,237.44444444444446
Rajasthan,Chittaurgarh,201.125,220.0,813.0,522.7777777777778
Rajasthan,Chittorgarh,288.375,78.0,748.0,345.44444444444446
Rajasthan,Churu,261.0,27.0,665.0,275.0
Rajasthan,Dausa,265.875,82.0,847.0,429.77777777777777
Rajasthan,Deeg,485.3333333333333,10.0,985.0,612.25
Rajasthan,Deeg ,293.0,410.0,977.0,651.0
Rajasthan,Dhaulpur,209.75,295.0,862.0,541.8
Rajasthan,Dholpur,240.375,66.0,875.0,436.1111111111111
Rajasthan,Didwana-Kuchaman,930.0,66.0,996.0,531.0
Rajasthan,Dungarpur,113.375,79.0,622.0,410.1111111111111
Rajasthan,Ganganagar,221.125,38.0,471.0,286.0
Rajasthan,Hanumangarh,174.875,18.0,533.0,270.0
Rajasthan,Jaipur,326.625,5.0,675.0,282.6666666666667
Rajasthan,Jaisalmer,204.125,86.0,637.0,370.44444444444446
Rajasthan,Jalor,99.125,120.0,698.0,471.1111111111111
Rajasthan,Jalore,759.0,38.0,963.0,457.0
Rajasthan,Jhalawar,337.375,44.0,820.0,374.22222222222223
Rajasthan,Jhunjhunu,132.625,206.0,810.0,460.77777777777777
Rajasthan,Jhunjhunun,100.625,289.0,722.0,468.3333333333333
Rajasthan,Jodhpur,207.875,10.0,683.0,174.11111111111111
Rajasthan,Karauli,277.75,101.0,897.0,474.77777777777777
Rajasthan,Khairthal-Tijara,,999.0,999.0,999.0
Rajasthan,Kota,281.625,7.0,691.0,372.0
Rajasthan,Kotputli-Behror,,1002.0,1002.0,1002.0
Rajasthan,Nagaur,242.0,68.0,730.0,258.6666666666667
Rajasthan,Pali,213.5,20.0,576.0,240.44444444444446
Rajasthan,Phalodi,,1000.0,1000.0,1000.0
Rajasthan,Pratapgarh,271.5,97.0,853.0,377.22222222222223
Rajasthan,Rajsamand,159.875,193.0,702.0,383.0
Rajasthan,Salumbar,,969.0,969.0,969.0
Rajasthan,Sawai Madhopur,223.5,79.0,524.0,301.8888888888889
Rajasthan,Sikar,255.625,15.0,707.0,244.77777777777777
Rajasthan,Sirohi,278.75,73.0,760.0,315.55555555555554
Rajasthan,Tonk,175.625,100.0,530.0,340.22222222222223
Rajasthan,Udaipur,272.375,10.0,899.0,260.1111111111111
Sikkim,East,197.625,170.0,803.0,462.44444444444446
Sikkim,East Sikkim,85.125,272.0,528.0,401.44444444444446
Sikkim,Mangan,610.5,1.0,824.0,417.0
Sikkim,Namchi,17.333333333333332,3.0,29.0,9.75
Sikkim,North,385.0,372.0,910.0,689.8333333333334
Sikkim,North Sikkim,240.875,336.0,958.0,568.4444444444445
Sikkim,South,92.25,90.0,546.0,423.77777777777777
Sikkim,South Sikkim,168.25,159.0,747.0,487.0
Sikkim,West,92.125,227.0,547.0,417.8888888888889
Sikkim,West Sikkim,156.5,87.0,583.0,378.77777777777777
Tamil Nadu,Ariyalur,170.5,259.0,950.0,552.3333333333334
Tamil Nadu,Chengalpattu,173.625,254.0,796.0,453.6666666666667
Tamil Nadu,Chennai,259.0,102.0,747.0,401.1111111111111
Tamil Nadu,Coimbatore,220.75,1.0,754.0,417.8888888888889
Tamil Nadu,Cuddalore,287.25,30.0,921.0,467.6666666666667
Tamil Nadu,Dharmapuri,180.375,341.0,957.0,583.2222222222222
Tamil Nadu,Dindigul,160.25,348.0,830.0,527.4444444444445
Tamil Nadu,Erode,194.875,96.0,657.0,352.44444444444446
Tamil Nadu,Kallakurichi,212.5,208.0,918.0,599.0
Tamil Nadu,Kancheepuram,358.25,21.0,920.0,417.8888888888889
Tamil Nadu,Kanchipuram,261.75,68.0,1002.0,638.2
Tamil Nadu,Kanniyakumari,111.875,391.0,874.0,570.4444444444445
Tamil Nadu,Kanyakumari,168.875,391.0,939.0,657.8888888888889
Tamil Nadu,Karur,196.75,235.0,893.0,541.3333333333334
Tamil Nadu,Krishnagiri,202.625,121.0,678.0,432.44444444444446
Tamil Nadu,Madurai,346.0,3.0,892.0,451.1111111111111
Tamil Nadu,Mayiladuthurai,155.5,391.0,881.0,547.0
Tamil Nadu,Nagapattinam,159.125,165.0,798.0,470.6666666666667
Tamil Nadu,Namakkal,161.875,307.0,948.0,563.3333333333334
Tamil Nadu,Namakkal   *,,983.0,983.0,983.0
Tamil Nadu,Perambalur,202.125,330.0,932.0,585.6666666666666
Tamil Nadu,Pudukkottai,217.75,89.0,910.0,492.0
Tamil Nadu,Ramanathapuram,192.125,43.0,794.0,466.77777777777777
Tamil Nadu,Ranipet,288.42857142857144,279.0,947.0,620.125
Tamil Nadu,Salem,221.25,74.0,888.0,488.77777777777777
Tamil Nadu,Sivaganga,271.625,32.0,879.0,475.6666666666667
Tamil Nadu,Tenkasi,173.625,391.0,958.0,630.6666666666666
Tamil Nadu,Thanjavur,249.25,3.0,939.0,501.55555555555554
Tamil Nadu,The Nilgiris,119.5,391.0,846.0,534.2222222222222
Tamil Nadu,Theni,139.0,202.0,851.0,486.8888888888889
Tamil Nadu,Thiruvallur,148.375,328.0,810.0,486.77777777777777
Tamil Nadu,Thiruvarur,130.75,256.0,853.0,524.0
Tamil Nadu,Thoothukkudi,113.75,391.0,873.0,547.5555555555555
Tamil Nadu,Tiruchirappalli,205.0,278.0,895.0,550.8888888888889
Tamil Nadu,Tirunelveli,125.875,381.0,953.0,614.8888888888889
Tamil Nadu,Tirupathur,62.333333333333336,811.0,998.0,944.75
Tamil Nadu,Tirupattur,212.25,293.0,868.0,561.2222222222222
Tamil Nadu,Tiruppur,206.125,123.0,813.0,454.1111111111111
Tamil Nadu,Tiruvallur,206.5,115.0,821.0,386.0
Tamil Nadu,Tiruvannamalai,191.25,185.0,945.0,548.7777777777778
Tamil Nadu,Tiruvarur,23.0,983.0,1006.0,994.5
Tamil Nadu,Tuticorin,47.0,942.0,997.0,973.3333333333334
Tamil Nadu,Vellore,243.75,95.0,875.0,481.0
Tamil Nadu,Villupuram,132.625,391.0,972.0,651.2222222222222
Tamil Nadu,Viluppuram,167.0,209.0,703.0,422.0
Tamil Nadu,Virudhunagar,155.25,145.0,815.0,395.22222222222223
Tamilnadu,Chennai,,1006.0,1006.0,1006.0
Telangana,Adilabad,234.5,39.0,812.0,438.1111111111111
Telangana,Bhadradri Kothagudem,129.375,325.0,981.0,650.2222222222222
Telangana,Hanumakonda,91.625,391.0,946.0,604.2222222222222
Telangana,Hyderabad,240.25,24.0,830.0,407.44444444444446
Telangana,Jagitial,138.375,323.0,931.0,639.5555555555555
Telangana,Jangaon,157.33333333333334,568.0,964.0,780.5
Telangana,Jangoan,167.125,44.0,906.0,527.0
Telangana,Jayashankar Bhupalpally,97.0,292.0,969.0,600.8888888888889
Telangana,Jogulamba Gadwal,217.875,239.0,970.0,591.2222222222222
Telangana,K.v. Rangareddy,260.875,13.0,908.0,483.1111111111111
Telangana,Kamareddy,176.5,168.0,941.0,520.1111111111111
Telangana,Karimnagar,231.125,29.0,836.0,480.77777777777777
Telangana,Khammam,203.75,94.0,956.0,547.3333333333334
Telangana,Komaram Bheem,107.75,354.0,949.0,650.1111111111111
Telangana,Mahabubabad,181.5,69.0,941.0,553.7777777777778
Telangana,Mahabubnagar,238.75,109.0,951.0,563.3333333333334
Telangana,Mancherial,93.5,391.0,857.0,589.8888888888889
Telangana,Medak,125.75,391.0,914.0,622.3333333333334
Telangana,Medchal Malkajgiri,137.0,236.0,373.0,304.5
Telangana,Medchal-malkajgiri,210.375,152.0,916.0,587.7777777777778
Telangana,Medchal?malkajgiri,440.0,426.0,997.0,796.25
Telangana,Medchal−malkajgiri,91.0,650.0,923.0,848.5
Telangana,Mulugu,75.125,391.0,893.0,618.5555555555555
Telangana,Nagarkurnool,113.875,391.0,940.0,649.1111111111111
Telangana,Nalgonda,222.75,37.0,873.0,513.7777777777778
Telangana,Narayanpet,112.25,391.0,965.0,682.3333333333334
Telangana,Nirmal,139.375,276.0,879.0,593.2222222222222
Telangana,Nizamabad,236.625,74.0,834.0,486.8888888888889
Telangana,Peddapalli,143.5,391.0,926.0,544.1111111111111
Telangana,Rajanna Sircilla,109.0,391.0,935.0,656.5555555555555
Telangana,Ranga Reddy,,358.0,358.0,358.0
Telangana,Rangareddy,107.125,391.0,935.0,622.7777777777778
Telangana,Sangareddy,124.625,377.0,936.0,608.0
Telangana,Siddipet,277.625,48.0,965.0,519.5555555555555
Telangana,Suryapet,194.75,52.0,927.0,508.77777777777777
Telangana,Vikarabad,221.75,111.0,961.0,594.3333333333334
Telangana,Wanaparthy,115.25,391.0,968.0,686.7777777777778
Telangana,Warangal,136.875,391.0,831.0,584.8888888888889
Telangana,Warangal (urban),155.33333333333334,598.0,997.0,799.75
Telangana,Warangal Rural,124.125,300.0,875.0,509.0
Telangana,Warangal Urban,200.875,91.0,838.0,503.1111111111111
Telangana,Yadadri.,189.0,50.0,933.0,519.2222222222222
The Dadra And Nagar Haveli And Daman And Diu,Dadra And Nagar Haveli,114.0,248.0,362.0,305.0
Tripura,Dhalai,261.125,71.0,643.0,341.8888888888889
Tripura,Dhalai  *,202.0,28.0,810.0,398.22222222222223
Tripura,Gomati,292.625,181.0,919.0,484.3333333333333
Tripura,Khowai,106.25,56.0,525.0,285.8888888888889
Tripura,North Tripura,125.0,124.0,426.0,291.3333333333333
Tripura,Sepahijala,197.0,52.0,721.0,404.1111111111111
Tripura,South Tripura,149.875,185.0,650.0,407.6666666666667
Tripura,Unakoti,222.0,40.0,758.0,374.22222222222223
Tripura,West Tripura,184.625,115.0,526.0,332.8888888888889
Uttar Pradesh,Agra,174.5,60.0,570.0,218.0
Uttar Pradesh,Aligarh,168.125,59.0,624.0,217.11111111111111
Uttar Pradesh,Allahabad,131.625,304.0,868.0,494.22222222222223
Uttar Pradesh,Ambedkar Nagar,242.75,175.0,922.0,521.7777777777778
Uttar Pradesh,Amethi,158.625,244.0,890.0,501.3333333333333
Uttar Pradesh,Amroha,228.0,194.0,830.0,338.55555555555554
Uttar Pradesh,Auraiya,182.75,344.0,943.0,533.5555555555555
Uttar Pradesh,Auraiya *,,1002.0,1002.0,1002.0
Uttar Pradesh,Ayodhya,211.25,143.0,929.0,496.22222222222223
Uttar Pradesh,Azamgarh,265.75,115.0,942.0,452.6666666666667
Uttar Pradesh,Baghpat,345.375,102.0,841.0,379.77777777777777
Uttar Pradesh,Bagpat,27.666666666666668,947.0,993.0,975.5
Uttar Pradesh,Bahraich,140.5,32.0,559.0,230.33333333333334
Uttar Pradesh,Ballia,119.75,391.0,937.0,588.3333333333334
Uttar Pradesh,Balrampur,188.75,120.0,723.0,299.6666666666667
Uttar Pradesh,Banda,276.25,12.0,862.0,350.1111111111111
Uttar Pradesh,Bara Banki,243.125,83.0,553.0,279.55555555555554
Uttar Pradesh,Barabanki,159.5,158.0,810.0,436.77777777777777
Uttar Pradesh,Bareilly,141.125,23.0,544.0,180.22222222222223
Uttar Pradesh,Basti,179.25,135.0,925.0,498.6666666666667
Uttar Pradesh,Bhadohi,175.625,204.0,966.0,529.6666666666666
Uttar Pradesh,Bijnor,310.75,25.0,809.0,390.6666666666667
Uttar Pradesh,Budaun,211.875,87.0,804.0,306.55555555555554
Uttar Pradesh,Bulandshahar,357.6666666666667,263.0,824.0,568.25
Uttar Pradesh,Bulandshahr,245.375,9.0,686.0,240.55555555555554
Uttar Pradesh,Chandauli,203.875,147.0,885.0,451.3333333333333
Uttar Pradesh,Chandauli *,,1006.0,1006.0,1006.0
Uttar Pradesh,Chitrakoot,227.375,159.0,902.0,524.0
Uttar Pradesh,Deoria,260.375,138.0,909.0,456.77777777777777
Uttar Pradesh,Etah,168.875,216.0,863.0,437.44444444444446
Uttar Pradesh,Etawah,293.875,85.0,824.0,387.44444444444446
Uttar Pradesh,Faizabad,189.625,277.0,892.0,538.4444444444445
Uttar Pradesh,Farrukhabad,316.0,96.0,893.0,418.22222222222223
Uttar Pradesh,Fatehpur,197.5,142.0,896.0,344.0
Uttar Pradesh,Firozabad,349.25,44.0,837.0,371.77777777777777
Uttar Pradesh,Gautam Buddha Nagar,185.25,41.0,695.0,265.0
Uttar Pradesh,Gautam Buddha Nagar *,,985.0,985.0,985.0
Uttar Pradesh,Ghaziabad,172.0,33.0,523.0,209.44444444444446
Uttar Pradesh,Ghazipur,128.75,391.0,964.0,579.8888888888889
Uttar Pradesh,Gonda,193.25,155.0,889.0,427.1111111111111
Uttar Pradesh,Gorakhpur,253.125,8.0,912.0,363.44444444444446
Uttar Pradesh,Hamirpur,249.75,133.0,805.0,442.8888888888889
Uttar Pradesh,Hapur,226.625,93.0,773.0,404.44444444444446
Uttar Pradesh,Hardoi,260.125,153.0,784.0,391.22222222222223
Uttar Pradesh,Hathras,271.5,189.0,851.0,452.44444444444446
Uttar Pradesh,Jalaun,281.75,121.0,789.0,383.3333333333333
Uttar Pradesh,Jaunpur,251.25,42.0,949.0,447.22222222222223
Uttar Pradesh,Jhansi,305.0,53.0,739.0,356.22222222222223
Uttar Pradesh,Jyotiba Phule Nagar,120.0,251.0,419.0,368.5
Uttar Pradesh,Kannauj,222.375,237.0,901.0,443.55555555555554
Uttar Pradesh,Kanpur Dehat,188.0,215.0,914.0,456.22222222222223
Uttar Pradesh,Kanpur Nagar,126.25,23.0,408.0,166.33333333333334
Uttar Pradesh,Kasganj,153.5,124.0,592.0,350.55555555555554
Uttar Pradesh,Kaushambi,297.875,98.0,742.0,359.0
Uttar Pradesh,Kheri,215.875,122.0,716.0,326.44444444444446
Uttar Pradesh,Kushi Nagar,,376.0,376.0,376.0
Uttar Pradesh,Kushinagar,222.125,131.0,697.0,438.55555555555554
Uttar Pradesh,Kushinagar *,193.75,323.0,896.0,529.4
Uttar Pradesh,Lalitpur,253.5,137.0,814.0,423.6666666666667
Uttar Pradesh,Lucknow,160.625,8.0,629.0,150.11111111111111
Uttar Pradesh,Maharajganj,209.75,51.0,944.0,374.0
Uttar Pradesh,Mahoba,259.25,137.0,849.0,463.6666666666667
Uttar Pradesh,Mahoba *,,988.0,988.0,988.0
Uttar Pradesh,Mahrajganj,624.0,104.0,983.0,577.25
Uttar Pradesh,Mainpuri,224.0,230.0,908.0,414.6666666666667
Uttar Pradesh,Mathura,268.25,21.0,770.0,290.0
Uttar Pradesh,Mau,208.75,267.0,948.0,540.8888888888889
Uttar Pradesh,Meerut,158.125,34.0,561.0,212.66666666666666
Uttar Pradesh,Mirzapur,161.125,252.0,915.0,517.1111111111111
Uttar Pradesh,Moradabad,194.875,22.0,585.0,254.55555555555554
Uttar Pradesh,Muzaffarnagar,230.125,76.0,597.0,263.6666666666667
Uttar Pradesh,Pilibhit,237.75,69.0,599.0,261.3333333333333
Uttar Pradesh,Pratapgarh,173.0,191.0,876.0,496.44444444444446
Uttar Pradesh,Prayagraj,144.125,35.0,496.0,214.22222222222223
Uttar Pradesh,Rae Bareli,125.5,271.0,846.0,508.22222222222223
Uttar Pradesh,Raebareli,497.0,115.0,995.0,616.25
Uttar Pradesh,Rampur,299.125,63.0,765.0,337.44444444444446
Uttar Pradesh,Saharanpur,180.25,25.0,469.0,192.0
Uttar Pradesh,Sambhal,249.375,175.0,838.0,382.6666666666667
Uttar Pradesh,Sant Kabir Nagar,216.0,199.0,898.0,490.44444444444446
Uttar Pradesh,Sant Ravidas Nagar,165.5,314.0,932.0,541.7777777777778
Uttar Pradesh,Sant Ravidas Nagar Bhadohi,406.3333333333333,300.0,947.0,664.5
Uttar Pradesh,Shahjahanpur,147.375,54.0,539.0,250.77777777777777
Uttar Pradesh,Shamli,285.75,55.0,851.0,388.6666666666667
Uttar Pradesh,Shravasti,121.0,246.0,367.0,306.5
Uttar Pradesh,Shrawasti,189.125,118.0,646.0,339.0
Uttar Pradesh,Siddharth Nagar,100.0,257.0,357.0,307.0
Uttar Pradesh,Siddharthnagar,176.375,205.0,833.0,397.77777777777777
Uttar Pradesh,Sitapur,203.625,106.0,696.0,290.22222222222223
Uttar Pradesh,Sonbhadra,183.0,231.0,843.0,477.1111111111111
Uttar Pradesh,Sultanpur,174.0,166.0,938.0,423.77777777777777
Uttar Pradesh,Unnao,194.625,27.0,612.0,249.55555555555554
Uttar Pradesh,Varanasi,214.5,169.0,870.0,382.22222222222223
Uttarakhand,Almora,127.625,94.0,678.0,421.1111111111111
Uttarakhand,Bageshwar,198.625,93.0,941.0,489.44444444444446
Uttarakhand,Chamoli,131.375,74.0,686.0,422.77777777777777
Uttarakhand,Champawat,166.5,98.0,713.0,422.55555555555554
Uttarakhand,Dehradun,115.5,22.0,474.0,135.33333333333334
Uttarakhand,Garhwal,194.0,39.0,504.0,353.75
Uttarakhand,Hardwar,332.0,58.0,669.0,427.25
Uttarakhand,Haridwar,203.375,17.0,664.0,299.44444444444446
Uttarakhand,Nainital,155.125,22.0,650.0,349.44444444444446
Uttarakhand,Pauri Garhwal,72.375,122.0,464.0,307.22222222222223
Uttarakhand,Pithoragarh,132.0,125.0,734.0,410.22222222222223
Uttarakhand,Rudraprayag,157.75,76.0,832.0,429.22222222222223
Uttarakhand,Tehri Garhwal,110.75,179.0,526.0,396.44444444444446
Uttarakhand,Udham Singh Nagar,166.625,32.0,709.0,367.77777777777777
Uttarakhand,Uttarkashi,158.5,217.0,872.0,485.22222222222223
Uttaranchal,Almora,,988.0,988.0,988.0
Uttaranchal,Garhwal,,1006.0,1006.0,1006.0
WEST BENGAL,HOOGHLY,331.3333333333333,358.0,982.0,777.75
WEST BENGAL,HOWRAH,11.333333333333334,978.0,1006.0,988.5
WEST BENGAL,hooghly,18.0,984.0,1002.0,993.0
WESTBENGAL,HOOGHLY,541.6666666666666,178.0,997.0,784.25
West  Bengal,Hooghly,423.6666666666667,420.0,978.0,783.25
West Bangal,Hooghly,354.3333333333333,146.0,860.0,449.75
West Bangal,Howrah,370.0,343.0,1004.0,780.75
West Bangal,South 24 Parganas,,984.0,984.0,984.0
West Bengal,24 Paraganas North,99.0,212.0,311.0,261.5
West Bengal,24 Paraganas South,,350.0,350.0,350.0
West Bengal,Alipurduar,210.625,54.0,775.0,389.55555555555554
West Bengal,Bally Jagachha,8.333333333333334,985.0,1002.0,993.0
West Bengal,Bankura,171.25,43.0,776.0,405.1111111111111
West Bengal,Barddhaman,209.0,160.0,848.0,440.77777777777777
West Bengal,Bardhaman,183.125,185.0,810.0,461.6666666666667
West Bengal,Birbhum,149.5,11.0,909.0,328.55555555555554
West Bengal,Burdwan,13.0,975.0,988.0,981.5
West Bengal,Cooch Behar,211.875,90.0,966.0,441.22222222222223
West Bengal,Coochbehar,144.5,66.0,355.0,209.0
West Bengal,Dakshin Dinajpur,225.625,45.0,823.0,373.44444444444446
West Bengal,Darjeeling,59.375,110.0,294.0,201.55555555555554
West Bengal,Darjiling,183.625,201.0,810.0,487.77777777777777
West Bengal,Dinajpur Dakshin,,359.0,359.0,359.0
West Bengal,Dinajpur Uttar,154.5,65.0,374.0,230.0
West Bengal,Domjur,9.0,988.0,1006.0,996.3333333333334
West Bengal,East Midnapore,197.5,112.0,810.0,455.44444444444446
West Bengal,East Midnapur,199.33333333333334,407.0,1005.0,843.5
West Bengal,East midnapore,12.666666666666666,978.0,1006.0,993.5
West Bengal,HOOGHLY,36.0,426.0,462.0,444.0
West Bengal,HOWRAH,590.6666666666666,188.0,997.0,742.0
West Bengal,Haora,193.125,139.0,810.0,460.44444444444446
West Bengal,Hawrah,204.33333333333334,384.0,997.0,690.5
West Bengal,Hooghiy,190.66666666666666,434.0,995.0,845.75
West Bengal,Hooghly,237.25,4.0,578.0,304.44444444444446
West Bengal,Howrah,222.875,145.0,766.0,412.55555555555554
West Bengal,Hugli,333.0,184.0,877.0,480.25
West Bengal,Jalpaiguri,132.5,79.0,677.0,286.77777777777777
West Bengal,Jhargram,210.375,179.0,826.0,496.44444444444446
West Bengal,KOLKATA,587.0,397.0,984.0,690.5
West Bengal,Kalimpong,277.5,5.0,651.0,326.0
West Bengal,Koch Bihar,200.625,187.0,859.0,538.1111111111111
West Bengal,Kolkata,97.5,6.0,346.0,162.44444444444446
West Bengal,MALDA,621.0,202.0,994.0,648.25
West Bengal,Malda,273.75,13.0,932.0,390.8888888888889
West Bengal,Maldah,157.75,324.0,832.0,509.0
West Bengal,Medinipur,328.3333333333333,197.0,818.0,478.75
West Bengal,Medinipur West,149.0,226.0,375.0,300.5
West Bengal,Murshidabad,293.75,93.0,931.0,389.0
West Bengal,NADIA,323.0,397.0,995.0,612.3333333333334
West Bengal,Nadia,218.75,101.0,943.0,296.77777777777777
West Bengal,North 24 Parganas,135.875,37.0,525.0,292.1111111111111
West Bengal,North Dinajpur,144.5,354.0,916.0,512.0
West Bengal,North Twenty Four Parganas,201.25,126.0,810.0,457.77777777777777
West Bengal,Paschim Bardhaman,124.0,64.0,549.0,399.77777777777777
West Bengal,Paschim Medinipur,186.75,56.0,834.0,418.1111111111111
West Bengal,Purba Bardhaman,309.875,75.0,791.0,393.6666666666667
West Bengal,Purba Medinipur,273.375,97.0,929.0,450.22222222222223
West Bengal,Purulia,182.125,286.0,915.0,537.1111111111111
West Bengal,Puruliya,241.375,65.0,858.0,351.0
West Bengal,South 24 Pargana,12.0,976.0,992.0,984.0
West Bengal,South 24 Parganas,257.875,53.0,863.0,351.3333333333333
West Bengal,South 24 pargana,,978.0,978.0,978.0
West Bengal,South 24 parganas,616.0,368.0,984.0,676.0
West Bengal,South Dinajpur,156.25,351.0,874.0,508.3333333333333
West Bengal,South DumDum(M),5.0,978.0,984.0,981.3333333333334
West Bengal,South Twenty Four Parganas,150.75,75.0,843.0,433.44444444444446
West Bengal,Uttar Dinajpur,160.125,48.0,924.0,392.44444444444446
West Bengal,West Medinipur,380.0,426.0,995.0,846.75
West Bengal,West Midnapore,200.5,140.0,810.0,465.44444444444446
West Bengal,east midnapore,,995.0,995.0,995.0
West Bengal,hooghly,239.33333333333334,384.0,985.0,801.0
West Bengal,nadia,425.6666666666667,80.0,1000.0,627.75
West bengal,Hooghly,,988.0,988.0,988.0
West bengal,South 24 Parganas,,995.0,995.0,995.0
West bengal,hooghly,469.0,159.0,978.0,436.5
Westbengal,Hooghly,99.33333333333333,100.0,387.0,260.25
Westbengal,Howrah,9.0,988.0,1006.0,996.3333333333334
andhra pradesh,chittoor,425.0,323.0,989.0,762.75
andhra pradesh,rangareddi,304.5,384.0,993.0,785.0
odisha,Gajapati,4.666666666666667,978.0,986.0,983.0
west Bengal,South 24 Parganas,,984.0,984.0,984.0
